"email","first_name","last_name","company_name","address","city","county","state","zip","phone1","phone2","web"
"jbutt@gmail.com","James","Butt","Benton, John B Jr","6649 N Blue Gum St","New Orleans","Orleans","LA","70116","504-621-8927","504-845-1427","http://www.bentonjohnbjr.com"
"josephine_darakjy@darakjy.org","Josephine","Darakjy","Chanay, Jeffrey A Esq","4 B Blue Ridge Blvd","Brighton","Livingston","MI","48116","810-292-9388","810-374-9840","http://www.chanayjeffreyaesq.com"
"art@venere.org","Art","Venere","Chemel, James L Cpa","8 W Cerritos Ave #54","Bridgeport","Gloucester","NJ","8014","856-636-8749","856-264-4130","http://www.chemeljameslcpa.com"
"Lenna","Paprocki","Feltz Printing Service","639 Main St","Anchorage","Anchorage","AK","99501","907-385-4412","907-921-2010","lpaprocki@hotmail.com","http://www.feltzprintingservice.com"
"donette.foller@cox.net","Donette","Foller","Printing Dimensions","34 Center St","Hamilton","Butler","OH","45011","513-570-1893","513-549-4561","http://www.printingdimensions.com"
"simona@morasca.com","Simona","Morasca","Chapman, Ross E Esq","3 Mcauley Dr","Ashland","Ashland","OH","44805","419-503-2484","419-800-6759","http://www.chapmanrosseesq.com"
"mitsue_tollner@yahoo.com","Mitsue","Tollner","Morlong Associates","7 Eads St","Chicago","Cook","IL","60632","773-573-6914","773-924-8565","http://www.morlongassociates.com"
"leota@hotmail.com","Leota","Dilliard","Commercial Press","7 W Jackson Blvd","San Jose","Santa Clara","CA","95111","408-752-3500","408-813-1105","http://www.commercialpress.com"
"sage_wieser@cox.net","Sage","Wieser","Truhlar And Truhlar Attys","5 Boston Ave #88","Sioux Falls","Minnehaha","SD","57105","605-414-2147","605-794-4895","http://www.truhlarandtruhlarattys.com"
"kris@gmail.com","Kris","Marrier","King, Christopher A Esq","228 Runamuck Pl #2808","Baltimore","Baltimore City","MD","21224","410-655-8723","410-804-4694","http://www.kingchristopheraesq.com"